{"cameraMode":{"drawMode":0,"name":"Shaded","section":"Shading Mode"},"sceneLighting":true,"audioPlay":false,"sceneViewState":{"showFog":true,"showMaterialUpdate":false,"showSkybox":true,"showFlares":true,"showImageEffects":true,"showParticleSystems":true},"in2DMode":false,"pivot":{"x":3.498138427734375,"y":7.6611328125,"z":1.287109375},"rotation":{"x":0.10719628632068634,"y":-0.005969520192593336,"z":0.0006139104953035712,"w":0.9942605495452881},"size":23.390710830688478,"orthographic":true}